,dissimilarity,contrast,homogeneity,ASM,energy,correlation,class
0,4.453008074351262,113.90997260534336,0.6688221070149858,0.39600916765547567,0.6292925930403723,0.988883000705349,1.0
